weekday,Sensor A,Sensor B,Sensor C
Monday,19.29510205805781,24.876250557001836,22.000936887828974
Tuesday,19.56096981914207,24.774096671876617,22.57697430205754
Wednesday,19.361053484983053,25.794222694582455,22.751201707577376
Thursday,19.203977268400383,25.82209041840089,22.347069185713657
Friday,19.09807670988816,25.14325386690733,22.211073639274282
Saturday,19.48557147810908,25.787648767527006,22.322687102420698
Sunday,19.3728994697095,26.627463769833508,22.023986335005873
