device,temp,humidity,co,total_gas
Sensor A,19.36975081357089,75.42957407439935,0.0035544746445877245,0.02522927798811219
Sensor B,25.638955121431202,62.536032323119,0.004177645068527907,0.02881413625837937
Sensor C,22.281926168709802,50.80930951195085,0.005551248473689257,0.03611143286074004
