device,occupancy_rate
Sensor A,1.0214504596527069e-05
Sensor B,0.003073296004715194
Sensor C,0.0007711958355424881
